order_no,run_script_date,satelite_checked,datatype_checked,station_checked,location_on_map,status
8304042195,2023-05-05,NOAA-15,"Gilmore Creek, AK,Monterey, CA","Global Area Coverage (GAC) 4KM Level 1B,High Resolution Picture Transmission (HRPT) 1KM Level 1B",North America,done
8304960984,2023-05-08,NOAA-15,"Monterey, CA",High Resolution Picture Transmission (HRPT) 1KM Level 1B,North America,done
8314324937,2023-06-15,NOAA-15,"Monterey, CA",High Resolution Picture Transmission (HRPT) 1KM Level 1B,North America,done
8321784317,2023-07-11,NOAA-15,"Monterey, CA",High Resolution Picture Transmission (HRPT) 1KM Level 1B,North America,done
8321789388,2023-07-11,NOAA-18,"Monterey, CA",High Resolution Picture Transmission (HRPT) 1KM Level 1B,North America,done
8331112416,2023-08-12,NOAA-18,"Monterey, CA",High Resolution Picture Transmission (HRPT) 1KM Level 1B,North America,done
8331120827,2023-08-12,NOAA-18,"Monterey, CA",High Resolution Picture Transmission (HRPT) 1KM Level 1B,North America,done
8331121738,2023-08-12,NOAA-18,"Monterey, CA",High Resolution Picture Transmission (HRPT) 1KM Level 1B,North America,done
8331311706,2023-08-13,NOAA-18,"Monterey, CA",High Resolution Picture Transmission (HRPT) 1KM Level 1B,North America,done
8331616249,2023-08-14,NOAA-18,"Monterey, CA",High Resolution Picture Transmission (HRPT) 1KM Level 1B,North America,done
8331849151,2023-08-14,NOAA-15,"Monterey, CA",High Resolution Picture Transmission (HRPT) 1KM Level 1B,North America,done
8331919486,2023-08-15,NOAA-15,"Monterey, CA",High Resolution Picture Transmission (HRPT) 1KM Level 1B,North America,done
8332220563,2023-08-16,NOAA-15,"Monterey, CA",High Resolution Picture Transmission (HRPT) 1KM Level 1B,North America,done
8332524700,2023-08-17,NOAA-15,"Monterey, CA",High Resolution Picture Transmission (HRPT) 1KM Level 1B,North America,done
8332831269,2023-08-18,NOAA-15,"Monterey, CA",High Resolution Picture Transmission (HRPT) 1KM Level 1B,North America,done
8333135041,2023-08-19,NOAA-15,"Monterey, CA",High Resolution Picture Transmission (HRPT) 1KM Level 1B,North America,done
8333439634,2023-08-20,NOAA-15,"Monterey, CA",High Resolution Picture Transmission (HRPT) 1KM Level 1B,North America,done
8333741478,2023-08-21,NOAA-15,"Monterey, CA",High Resolution Picture Transmission (HRPT) 1KM Level 1B,North America,done
8334044403,2023-08-22,NOAA-15,"Monterey, CA",High Resolution Picture Transmission (HRPT) 1KM Level 1B,North America,done
8334346095,2023-08-23,NOAA-15,"Monterey, CA",High Resolution Picture Transmission (HRPT) 1KM Level 1B,North America,done
8334649600,2023-08-24,NOAA-15,"Monterey, CA",High Resolution Picture Transmission (HRPT) 1KM Level 1B,North America,done
8334954027,2023-08-25,NOAA-15,"Monterey, CA",High Resolution Picture Transmission (HRPT) 1KM Level 1B,North America,done
8335256767,2023-08-26,NOAA-15,"Monterey, CA",High Resolution Picture Transmission (HRPT) 1KM Level 1B,North America,done
8335559583,2023-08-27,NOAA-15,"Monterey, CA",High Resolution Picture Transmission (HRPT) 1KM Level 1B,North America,done
8335862307,2023-08-28,NOAA-15,"Monterey, CA",High Resolution Picture Transmission (HRPT) 1KM Level 1B,North America,done
8336164246,2023-08-29,NOAA-15,"Monterey, CA",High Resolution Picture Transmission (HRPT) 1KM Level 1B,North America,done
8336466508,2023-08-30,NOAA-15,"Monterey, CA",High Resolution Picture Transmission (HRPT) 1KM Level 1B,North America,done
8336769362,2023-08-31,NOAA-15,"Monterey, CA",High Resolution Picture Transmission (HRPT) 1KM Level 1B,North America,done
8337068720,2023-09-01,NOAA-15,"Monterey, CA",High Resolution Picture Transmission (HRPT) 1KM Level 1B,North America,done
8337373100,2023-09-02,NOAA-15,"Monterey, CA",High Resolution Picture Transmission (HRPT) 1KM Level 1B,North America,done
8337676689,2023-09-03,NOAA-15,"Monterey, CA",High Resolution Picture Transmission (HRPT) 1KM Level 1B,North America,done
8337976725,2023-09-04,NOAA-15,"Monterey, CA",High Resolution Picture Transmission (HRPT) 1KM Level 1B,North America,done
8338277215,2023-09-05,NOAA-15,"Monterey, CA",High Resolution Picture Transmission (HRPT) 1KM Level 1B,North America,done
8338578111,2023-09-06,NOAA-15,"Monterey, CA",High Resolution Picture Transmission (HRPT) 1KM Level 1B,North America,done
8338888533,2023-09-07,NOAA-15,"Monterey, CA",High Resolution Picture Transmission (HRPT) 1KM Level 1B,North America,done
8339200717,2023-09-08,NOAA-15,"Monterey, CA",High Resolution Picture Transmission (HRPT) 1KM Level 1B,North America,done
8339504707,2023-09-09,NOAA-15,"Monterey, CA",High Resolution Picture Transmission (HRPT) 1KM Level 1B,North America,done
8339815861,2023-09-10,NOAA-15,"Monterey, CA",High Resolution Picture Transmission (HRPT) 1KM Level 1B,North America,done
8340123386,2023-09-11,NOAA-15,"Monterey, CA",High Resolution Picture Transmission (HRPT) 1KM Level 1B,North America,done
8340397798,2023-09-12,NOAA-15,"Monterey, CA",High Resolution Picture Transmission (HRPT) 1KM Level 1B,North America,done
8340702301,2023-09-13,NOAA-15,"Monterey, CA",High Resolution Picture Transmission (HRPT) 1KM Level 1B,North America,done
8341008221,2023-09-14,NOAA-15,"Monterey, CA",High Resolution Picture Transmission (HRPT) 1KM Level 1B,North America,done
8341313079,2023-09-15,NOAA-15,"Monterey, CA",High Resolution Picture Transmission (HRPT) 1KM Level 1B,North America,done
8341642031,2023-09-16,NOAA-15,"Monterey, CA",High Resolution Picture Transmission (HRPT) 1KM Level 1B,North America,done
8342253543,2023-09-18,NOAA-15,"Monterey, CA",High Resolution Picture Transmission (HRPT) 1KM Level 1B,North America,done
8342562466,2023-09-19,NOAA-15,"Monterey, CA",High Resolution Picture Transmission (HRPT) 1KM Level 1B,North America,done
8343258088,2023-09-21,NOAA-15,"Monterey, CA",High Resolution Picture Transmission (HRPT) 1KM Level 1B,North America,done
8343570131,2023-09-22,NOAA-15,"Monterey, CA",High Resolution Picture Transmission (HRPT) 1KM Level 1B,North America,done
8343876267,2023-09-23,NOAA-15,"Monterey, CA",High Resolution Picture Transmission (HRPT) 1KM Level 1B,North America,done
8344180557,2023-09-24,NOAA-15,"Monterey, CA",High Resolution Picture Transmission (HRPT) 1KM Level 1B,North America,done
8344484901,2023-09-25,NOAA-15,"Monterey, CA",High Resolution Picture Transmission (HRPT) 1KM Level 1B,North America,done
8344791167,2023-09-26,NOAA-15,"Monterey, CA",High Resolution Picture Transmission (HRPT) 1KM Level 1B,North America,done
8345092670,2023-09-27,NOAA-15,"Monterey, CA",High Resolution Picture Transmission (HRPT) 1KM Level 1B,North America,done
8345400607,2023-09-28,NOAA-15,"Monterey, CA",High Resolution Picture Transmission (HRPT) 1KM Level 1B,North America,done
8345705237,2023-09-29,NOAA-15,"Monterey, CA",High Resolution Picture Transmission (HRPT) 1KM Level 1B,North America,done
8346009890,2023-09-30,NOAA-15,"Monterey, CA",High Resolution Picture Transmission (HRPT) 1KM Level 1B,North America,done
8346298052,2023-10-01,NOAA-15,"Monterey, CA",High Resolution Picture Transmission (HRPT) 1KM Level 1B,North America,done
8346603062,2023-10-02,NOAA-15,"Monterey, CA",High Resolution Picture Transmission (HRPT) 1KM Level 1B,North America,done
8346906755,2023-10-03,NOAA-15,"Monterey, CA",High Resolution Picture Transmission (HRPT) 1KM Level 1B,North America,done
8347213562,2023-10-04,NOAA-15,"Monterey, CA",High Resolution Picture Transmission (HRPT) 1KM Level 1B,North America,done
8347521581,2023-10-05,NOAA-15,"Monterey, CA",High Resolution Picture Transmission (HRPT) 1KM Level 1B,North America,done
8347835048,2023-10-06,NOAA-15,"Monterey, CA",High Resolution Picture Transmission (HRPT) 1KM Level 1B,North America,done
8348141903,2023-10-07,NOAA-15,"Monterey, CA",High Resolution Picture Transmission (HRPT) 1KM Level 1B,North America,done
8348451689,2023-10-08,NOAA-15,"Monterey, CA",High Resolution Picture Transmission (HRPT) 1KM Level 1B,North America,done
8348759279,2023-10-09,NOAA-15,"Monterey, CA",High Resolution Picture Transmission (HRPT) 1KM Level 1B,North America,done
8349064002,2023-10-10,NOAA-15,"Monterey, CA",High Resolution Picture Transmission (HRPT) 1KM Level 1B,North America,done
8349369831,2023-10-11,NOAA-15,"Monterey, CA",High Resolution Picture Transmission (HRPT) 1KM Level 1B,North America,done
8349676319,2023-10-12,NOAA-15,"Monterey, CA",High Resolution Picture Transmission (HRPT) 1KM Level 1B,North America,done
8349966754,2023-10-13,NOAA-15,"Monterey, CA",High Resolution Picture Transmission (HRPT) 1KM Level 1B,North America,done
8350279461,2023-10-14,NOAA-15,"Monterey, CA",High Resolution Picture Transmission (HRPT) 1KM Level 1B,North America,done
8350584477,2023-10-15,NOAA-15,"Monterey, CA",High Resolution Picture Transmission (HRPT) 1KM Level 1B,North America,done
8350891140,2023-10-16,NOAA-15,"Monterey, CA",High Resolution Picture Transmission (HRPT) 1KM Level 1B,North America,done
8351224814,2023-10-17,NOAA-15,"Monterey, CA",High Resolution Picture Transmission (HRPT) 1KM Level 1B,North America,done
8351532381,2023-10-18,NOAA-15,"Monterey, CA",High Resolution Picture Transmission (HRPT) 1KM Level 1B,North America,done
8351840261,2023-10-19,NOAA-15,"Monterey, CA",High Resolution Picture Transmission (HRPT) 1KM Level 1B,North America,done
8352147951,2023-10-20,NOAA-15,"Monterey, CA",High Resolution Picture Transmission (HRPT) 1KM Level 1B,North America,done
8352463519,2023-10-21,NOAA-15,"Monterey, CA",High Resolution Picture Transmission (HRPT) 1KM Level 1B,North America,done
8352772227,2023-10-22,NOAA-15,"Monterey, CA",High Resolution Picture Transmission (HRPT) 1KM Level 1B,North America,done
8353082174,2023-10-23,NOAA-15,"Monterey, CA",High Resolution Picture Transmission (HRPT) 1KM Level 1B,North America,done
8353389916,2023-10-24,NOAA-15,"Monterey, CA",High Resolution Picture Transmission (HRPT) 1KM Level 1B,North America,done
8353698453,2023-10-25,NOAA-15,"Monterey, CA",High Resolution Picture Transmission (HRPT) 1KM Level 1B,North America,done
8354012591,2023-10-26,NOAA-15,"Monterey, CA",High Resolution Picture Transmission (HRPT) 1KM Level 1B,North America,done
8354309438,2023-10-27,NOAA-15,"Monterey, CA",High Resolution Picture Transmission (HRPT) 1KM Level 1B,North America,done
8357027953,2023-11-06,NOAA-15,"Monterey, CA",High Resolution Picture Transmission (HRPT) 1KM Level 1B,North America,done
8357121312,2023-11-06,NOAA-19,"Monterey, CA",High Resolution Picture Transmission (HRPT) 1KM Level 1B,North America,done
8357293870,2023-11-07,"NOAA-19,NOAA-18","Monterey, CA,Wallops Island, VA",High Resolution Picture Transmission (HRPT) 1KM Level 1B,North America,done
8357577855,2023-11-08,"NOAA-19,NOAA-18","Monterey, CA,Wallops Island, VA",High Resolution Picture Transmission (HRPT) 1KM Level 1B,North America,done
8357662894,2023-11-08,NOAA-19,"Monterey, CA,Wallops Island, VA",High Resolution Picture Transmission (HRPT) 1KM Level 1B,North America,done
8357663145,2023-11-08,NOAA-18,"Monterey, CA,Wallops Island, VA",High Resolution Picture Transmission (HRPT) 1KM Level 1B,North America,done
8357863447,2023-11-09,NOAA-19,"Monterey, CA,Wallops Island, VA",High Resolution Picture Transmission (HRPT) 1KM Level 1B,North America,done
8357863449,2023-11-09,NOAA-18,"Monterey, CA,Wallops Island, VA",High Resolution Picture Transmission (HRPT) 1KM Level 1B,North America,done
8358126287,2023-11-10,NOAA-19,"Monterey, CA,Wallops Island, VA",High Resolution Picture Transmission (HRPT) 1KM Level 1B,North America,done
8358126289,2023-11-10,NOAA-18,"Monterey, CA,Wallops Island, VA",High Resolution Picture Transmission (HRPT) 1KM Level 1B,North America,done
8358391522,2023-11-11,NOAA-19,"Monterey, CA,Wallops Island, VA",High Resolution Picture Transmission (HRPT) 1KM Level 1B,North America,done
8358391906,2023-11-11,NOAA-18,"Monterey, CA,Wallops Island, VA",High Resolution Picture Transmission (HRPT) 1KM Level 1B,North America,done
8358654451,2023-11-12,NOAA-19,"Monterey, CA,Wallops Island, VA",High Resolution Picture Transmission (HRPT) 1KM Level 1B,North America,done
8358654453,2023-11-12,NOAA-18,"Monterey, CA,Wallops Island, VA",High Resolution Picture Transmission (HRPT) 1KM Level 1B,North America,done
8358915496,2023-11-13,NOAA-19,"Monterey, CA,Wallops Island, VA",High Resolution Picture Transmission (HRPT) 1KM Level 1B,North America,done
8358915993,2023-11-13,NOAA-18,"Monterey, CA,Wallops Island, VA",High Resolution Picture Transmission (HRPT) 1KM Level 1B,North America,done
8359159462,2023-11-14,NOAA-19,"Monterey, CA,Wallops Island, VA",High Resolution Picture Transmission (HRPT) 1KM Level 1B,North America,done
8359160670,2023-11-14,NOAA-18,"Monterey, CA,Wallops Island, VA",High Resolution Picture Transmission (HRPT) 1KM Level 1B,North America,done
8359404160,2023-11-15,NOAA-19,"Monterey, CA,Wallops Island, VA",High Resolution Picture Transmission (HRPT) 1KM Level 1B,North America,done
8359404175,2023-11-15,NOAA-18,"Monterey, CA,Wallops Island, VA",High Resolution Picture Transmission (HRPT) 1KM Level 1B,North America,done
8359647751,2023-11-16,NOAA-19,"Monterey, CA,Wallops Island, VA",High Resolution Picture Transmission (HRPT) 1KM Level 1B,North America,done
8359647754,2023-11-16,NOAA-18,"Monterey, CA,Wallops Island, VA",High Resolution Picture Transmission (HRPT) 1KM Level 1B,North America,done
8360137278,2023-11-18,NOAA-19,"Monterey, CA,Wallops Island, VA",High Resolution Picture Transmission (HRPT) 1KM Level 1B,North America,done
8360137762,2023-11-18,NOAA-18,"Monterey, CA,Wallops Island, VA",High Resolution Picture Transmission (HRPT) 1KM Level 1B,North America,done
8360382809,2023-11-19,NOAA-19,"Monterey, CA,Wallops Island, VA",High Resolution Picture Transmission (HRPT) 1KM Level 1B,North America,done
8360382961,2023-11-19,NOAA-18,"Monterey, CA,Wallops Island, VA",High Resolution Picture Transmission (HRPT) 1KM Level 1B,North America,done
8360626048,2023-11-20,NOAA-19,"Monterey, CA,Wallops Island, VA",High Resolution Picture Transmission (HRPT) 1KM Level 1B,North America,done
8360626675,2023-11-20,NOAA-18,"Monterey, CA,Wallops Island, VA",High Resolution Picture Transmission (HRPT) 1KM Level 1B,North America,done
8360869775,2023-11-21,NOAA-19,"Monterey, CA,Wallops Island, VA",High Resolution Picture Transmission (HRPT) 1KM Level 1B,North America,done
8360869778,2023-11-21,NOAA-18,"Monterey, CA,Wallops Island, VA",High Resolution Picture Transmission (HRPT) 1KM Level 1B,North America,done
8361356427,2023-11-23,NOAA-19,"Monterey, CA,Wallops Island, VA",High Resolution Picture Transmission (HRPT) 1KM Level 1B,North America,done
8361356494,2023-11-23,NOAA-18,"Monterey, CA,Wallops Island, VA",High Resolution Picture Transmission (HRPT) 1KM Level 1B,North America,done
8361600449,2023-11-24,NOAA-19,"Monterey, CA,Wallops Island, VA",High Resolution Picture Transmission (HRPT) 1KM Level 1B,North America,done
8361600607,2023-11-24,NOAA-18,"Monterey, CA,Wallops Island, VA",High Resolution Picture Transmission (HRPT) 1KM Level 1B,North America,done
8361845793,2023-11-25,NOAA-19,"Monterey, CA,Wallops Island, VA",High Resolution Picture Transmission (HRPT) 1KM Level 1B,North America,done
8361845795,2023-11-25,NOAA-18,"Monterey, CA,Wallops Island, VA",High Resolution Picture Transmission (HRPT) 1KM Level 1B,North America,done
8362089399,2023-11-26,NOAA-19,"Monterey, CA,Wallops Island, VA",High Resolution Picture Transmission (HRPT) 1KM Level 1B,North America,done
8362089553,2023-11-26,NOAA-18,"Monterey, CA,Wallops Island, VA",High Resolution Picture Transmission (HRPT) 1KM Level 1B,North America,done
8362333978,2023-11-27,NOAA-19,"Monterey, CA,Wallops Island, VA",High Resolution Picture Transmission (HRPT) 1KM Level 1B,North America,done
8362334155,2023-11-27,NOAA-18,"Monterey, CA,Wallops Island, VA",High Resolution Picture Transmission (HRPT) 1KM Level 1B,North America,done
8362577569,2023-11-28,NOAA-19,"Monterey, CA,Wallops Island, VA",High Resolution Picture Transmission (HRPT) 1KM Level 1B,North America,done
8362577683,2023-11-28,NOAA-18,"Monterey, CA,Wallops Island, VA",High Resolution Picture Transmission (HRPT) 1KM Level 1B,North America,done
8362822972,2023-11-29,NOAA-19,"Monterey, CA,Wallops Island, VA",High Resolution Picture Transmission (HRPT) 1KM Level 1B,North America,done
8362822989,2023-11-29,NOAA-18,"Monterey, CA,Wallops Island, VA",High Resolution Picture Transmission (HRPT) 1KM Level 1B,North America,done
8363066635,2023-11-30,NOAA-19,"Monterey, CA,Wallops Island, VA",High Resolution Picture Transmission (HRPT) 1KM Level 1B,North America,done
8363067561,2023-11-30,NOAA-18,"Monterey, CA,Wallops Island, VA",High Resolution Picture Transmission (HRPT) 1KM Level 1B,North America,done
8364525252,2023-12-06,NOAA-19,"Monterey, CA,Wallops Island, VA",High Resolution Picture Transmission (HRPT) 1KM Level 1B,North America,done
8364525282,2023-12-06,NOAA-18,"Monterey, CA,Wallops Island, VA",High Resolution Picture Transmission (HRPT) 1KM Level 1B,North America,done
8364767645,2023-12-07,NOAA-19,"Monterey, CA,Wallops Island, VA",High Resolution Picture Transmission (HRPT) 1KM Level 1B,North America,done
8364767648,2023-12-07,NOAA-18,"Monterey, CA,Wallops Island, VA",High Resolution Picture Transmission (HRPT) 1KM Level 1B,North America,done
8365009194,2023-12-08,NOAA-19,"Monterey, CA,Wallops Island, VA",High Resolution Picture Transmission (HRPT) 1KM Level 1B,North America,pending
8365009284,2023-12-08,NOAA-18,"Monterey, CA,Wallops Island, VA",High Resolution Picture Transmission (HRPT) 1KM Level 1B,North America,pending
8366483434,2023-12-14,NOAA-19,"Monterey, CA,Wallops Island, VA",High Resolution Picture Transmission (HRPT) 1KM Level 1B,North America,done
8366483571,2023-12-14,NOAA-18,"Monterey, CA,Wallops Island, VA",High Resolution Picture Transmission (HRPT) 1KM Level 1B,North America,done
8366729844,2023-12-15,NOAA-19,"Monterey, CA,Wallops Island, VA",High Resolution Picture Transmission (HRPT) 1KM Level 1B,North America,done
8366729850,2023-12-15,NOAA-18,"Monterey, CA,Wallops Island, VA",High Resolution Picture Transmission (HRPT) 1KM Level 1B,North America,done
8366975883,2023-12-16,NOAA-19,"Monterey, CA,Wallops Island, VA",High Resolution Picture Transmission (HRPT) 1KM Level 1B,North America,done
8366975885,2023-12-16,NOAA-18,"Monterey, CA,Wallops Island, VA",High Resolution Picture Transmission (HRPT) 1KM Level 1B,North America,done
8367158776,2023-12-17,NOAA-19,"Monterey, CA,Wallops Island, VA",High Resolution Picture Transmission (HRPT) 1KM Level 1B,North America,done
8367158811,2023-12-17,NOAA-18,"Monterey, CA,Wallops Island, VA",High Resolution Picture Transmission (HRPT) 1KM Level 1B,North America,done
8367406284,2023-12-18,NOAA-19,"Monterey, CA,Wallops Island, VA",High Resolution Picture Transmission (HRPT) 1KM Level 1B,North America,done
8367406887,2023-12-18,NOAA-18,"Monterey, CA,Wallops Island, VA",High Resolution Picture Transmission (HRPT) 1KM Level 1B,North America,done
8367652811,2023-12-19,NOAA-19,"Monterey, CA,Wallops Island, VA",High Resolution Picture Transmission (HRPT) 1KM Level 1B,North America,done
8367652813,2023-12-19,NOAA-18,"Monterey, CA,Wallops Island, VA",High Resolution Picture Transmission (HRPT) 1KM Level 1B,North America,done
8367900478,2023-12-20,NOAA-19,"Monterey, CA,Wallops Island, VA",High Resolution Picture Transmission (HRPT) 1KM Level 1B,North America,done
8367900591,2023-12-20,NOAA-18,"Monterey, CA,Wallops Island, VA",High Resolution Picture Transmission (HRPT) 1KM Level 1B,North America,done
8368142882,2023-12-21,NOAA-19,"Monterey, CA,Wallops Island, VA",High Resolution Picture Transmission (HRPT) 1KM Level 1B,North America,done
8368143123,2023-12-21,NOAA-18,"Monterey, CA,Wallops Island, VA",High Resolution Picture Transmission (HRPT) 1KM Level 1B,North America,done
8368384763,2023-12-22,NOAA-19,"Monterey, CA,Wallops Island, VA",High Resolution Picture Transmission (HRPT) 1KM Level 1B,North America,done
8368384867,2023-12-22,NOAA-18,"Monterey, CA,Wallops Island, VA",High Resolution Picture Transmission (HRPT) 1KM Level 1B,North America,done
8368626871,2023-12-23,NOAA-19,"Monterey, CA,Wallops Island, VA",High Resolution Picture Transmission (HRPT) 1KM Level 1B,North America,done
8368627244,2023-12-23,NOAA-18,"Monterey, CA,Wallops Island, VA",High Resolution Picture Transmission (HRPT) 1KM Level 1B,North America,done
8368868524,2023-12-24,NOAA-19,"Monterey, CA,Wallops Island, VA",High Resolution Picture Transmission (HRPT) 1KM Level 1B,North America,done
8368868526,2023-12-24,NOAA-18,"Monterey, CA,Wallops Island, VA",High Resolution Picture Transmission (HRPT) 1KM Level 1B,North America,done
8369109638,2023-12-25,NOAA-19,"Monterey, CA,Wallops Island, VA",High Resolution Picture Transmission (HRPT) 1KM Level 1B,North America,done
8369110245,2023-12-25,NOAA-18,"Monterey, CA,Wallops Island, VA",High Resolution Picture Transmission (HRPT) 1KM Level 1B,North America,done
8369348264,2023-12-26,NOAA-19,"Monterey, CA,Wallops Island, VA",High Resolution Picture Transmission (HRPT) 1KM Level 1B,North America,pending
8369348481,2023-12-26,NOAA-18,"Monterey, CA,Wallops Island, VA",High Resolution Picture Transmission (HRPT) 1KM Level 1B,North America,pending
8369840197,2023-12-28,NOAA-19,"Monterey, CA,Wallops Island, VA",High Resolution Picture Transmission (HRPT) 1KM Level 1B,North America,pending
8369840300,2023-12-28,NOAA-18,"Monterey, CA,Wallops Island, VA",High Resolution Picture Transmission (HRPT) 1KM Level 1B,North America,pending
8370324105,2023-12-30,NOAA-19,"Monterey, CA,Wallops Island, VA",High Resolution Picture Transmission (HRPT) 1KM Level 1B,North America,pending
8370328050,2023-12-30,NOAA-18,"Monterey, CA,Wallops Island, VA",High Resolution Picture Transmission (HRPT) 1KM Level 1B,North America,pending
8373242768,2024-01-11,NOAA-19,"Monterey, CA,Wallops Island, VA",High Resolution Picture Transmission (HRPT) 1KM Level 1B,North America,done
8373243373,2024-01-11,NOAA-18,"Monterey, CA,Wallops Island, VA",High Resolution Picture Transmission (HRPT) 1KM Level 1B,North America,done
8373543525,2024-01-12,NOAA-19,"Monterey, CA,Wallops Island, VA",High Resolution Picture Transmission (HRPT) 1KM Level 1B,North America,pending
8373543653,2024-01-12,NOAA-18,"Monterey, CA,Wallops Island, VA",High Resolution Picture Transmission (HRPT) 1KM Level 1B,North America,pending
8373783399,2024-01-13,NOAA-19,"Monterey, CA,Wallops Island, VA",High Resolution Picture Transmission (HRPT) 1KM Level 1B,North America,pending
8373783566,2024-01-13,NOAA-18,"Monterey, CA,Wallops Island, VA",High Resolution Picture Transmission (HRPT) 1KM Level 1B,North America,pending
8374264525,2024-01-15,NOAA-19,"Monterey, CA,Wallops Island, VA",High Resolution Picture Transmission (HRPT) 1KM Level 1B,North America,pending
8374264529,2024-01-15,NOAA-18,"Monterey, CA,Wallops Island, VA",High Resolution Picture Transmission (HRPT) 1KM Level 1B,North America,pending
8374503197,2024-01-16,NOAA-19,"Monterey, CA,Wallops Island, VA",High Resolution Picture Transmission (HRPT) 1KM Level 1B,North America,pending
8374503429,2024-01-16,NOAA-18,"Monterey, CA,Wallops Island, VA",High Resolution Picture Transmission (HRPT) 1KM Level 1B,North America,pending
8374745529,2024-01-17,NOAA-19,"Monterey, CA,Wallops Island, VA",High Resolution Picture Transmission (HRPT) 1KM Level 1B,North America,pending
8374745564,2024-01-17,NOAA-18,"Monterey, CA,Wallops Island, VA",High Resolution Picture Transmission (HRPT) 1KM Level 1B,North America,pending
8374985202,2024-01-18,NOAA-19,"Monterey, CA,Wallops Island, VA",High Resolution Picture Transmission (HRPT) 1KM Level 1B,North America,pending
8374985207,2024-01-18,NOAA-18,"Monterey, CA,Wallops Island, VA",High Resolution Picture Transmission (HRPT) 1KM Level 1B,North America,pending
8375231399,2024-01-19,NOAA-19,"Monterey, CA,Wallops Island, VA",High Resolution Picture Transmission (HRPT) 1KM Level 1B,North America,pending
8375231401,2024-01-19,NOAA-18,"Monterey, CA,Wallops Island, VA",High Resolution Picture Transmission (HRPT) 1KM Level 1B,North America,pending
8375472931,2024-01-20,NOAA-19,"Monterey, CA,Wallops Island, VA",High Resolution Picture Transmission (HRPT) 1KM Level 1B,North America,pending
8375473266,2024-01-20,NOAA-18,"Monterey, CA,Wallops Island, VA",High Resolution Picture Transmission (HRPT) 1KM Level 1B,North America,pending
8375738931,2024-01-21,NOAA-19,"Monterey, CA,Wallops Island, VA",High Resolution Picture Transmission (HRPT) 1KM Level 1B,North America,pending
8375738933,2024-01-21,NOAA-18,"Monterey, CA,Wallops Island, VA",High Resolution Picture Transmission (HRPT) 1KM Level 1B,North America,pending
8375978114,2024-01-22,NOAA-19,"Monterey, CA,Wallops Island, VA",High Resolution Picture Transmission (HRPT) 1KM Level 1B,North America,pending
8375978115,2024-01-22,NOAA-18,"Monterey, CA,Wallops Island, VA",High Resolution Picture Transmission (HRPT) 1KM Level 1B,North America,pending
8376214616,2024-01-23,NOAA-19,"Monterey, CA,Wallops Island, VA",High Resolution Picture Transmission (HRPT) 1KM Level 1B,North America,pending
8376214618,2024-01-23,NOAA-18,"Monterey, CA,Wallops Island, VA",High Resolution Picture Transmission (HRPT) 1KM Level 1B,North America,pending
8376455251,2024-01-24,NOAA-19,"Monterey, CA,Wallops Island, VA",High Resolution Picture Transmission (HRPT) 1KM Level 1B,North America,pending
8376455374,2024-01-24,NOAA-18,"Monterey, CA,Wallops Island, VA",High Resolution Picture Transmission (HRPT) 1KM Level 1B,North America,pending
8376695128,2024-01-25,NOAA-19,"Monterey, CA,Wallops Island, VA",High Resolution Picture Transmission (HRPT) 1KM Level 1B,North America,pending
8376695275,2024-01-25,NOAA-18,"Monterey, CA,Wallops Island, VA",High Resolution Picture Transmission (HRPT) 1KM Level 1B,North America,pending
8376935215,2024-01-26,NOAA-19,"Monterey, CA,Wallops Island, VA",High Resolution Picture Transmission (HRPT) 1KM Level 1B,North America,pending
8376935217,2024-01-26,NOAA-18,"Monterey, CA,Wallops Island, VA",High Resolution Picture Transmission (HRPT) 1KM Level 1B,North America,pending
8377174115,2024-01-27,NOAA-19,"Monterey, CA,Wallops Island, VA",High Resolution Picture Transmission (HRPT) 1KM Level 1B,North America,pending
8377174405,2024-01-27,NOAA-18,"Monterey, CA,Wallops Island, VA",High Resolution Picture Transmission (HRPT) 1KM Level 1B,North America,pending
8377415544,2024-01-28,NOAA-19,"Monterey, CA,Wallops Island, VA",High Resolution Picture Transmission (HRPT) 1KM Level 1B,North America,pending
8377415979,2024-01-28,NOAA-18,"Monterey, CA,Wallops Island, VA",High Resolution Picture Transmission (HRPT) 1KM Level 1B,North America,pending
8377655132,2024-01-29,NOAA-19,"Monterey, CA,Wallops Island, VA",High Resolution Picture Transmission (HRPT) 1KM Level 1B,North America,pending
8377655134,2024-01-29,NOAA-18,"Monterey, CA,Wallops Island, VA",High Resolution Picture Transmission (HRPT) 1KM Level 1B,North America,pending
8377895113,2024-01-30,NOAA-19,"Monterey, CA,Wallops Island, VA",High Resolution Picture Transmission (HRPT) 1KM Level 1B,North America,pending
8377895115,2024-01-30,NOAA-18,"Monterey, CA,Wallops Island, VA",High Resolution Picture Transmission (HRPT) 1KM Level 1B,North America,pending
8378136814,2024-01-31,NOAA-19,"Monterey, CA,Wallops Island, VA",High Resolution Picture Transmission (HRPT) 1KM Level 1B,North America,pending
8378136816,2024-01-31,NOAA-18,"Monterey, CA,Wallops Island, VA",High Resolution Picture Transmission (HRPT) 1KM Level 1B,North America,pending
8378322769,2024-02-01,NOAA-19,"Monterey, CA,Wallops Island, VA",High Resolution Picture Transmission (HRPT) 1KM Level 1B,North America,pending
8378322917,2024-02-01,NOAA-18,"Monterey, CA,Wallops Island, VA",High Resolution Picture Transmission (HRPT) 1KM Level 1B,North America,pending
8378576074,2024-02-02,NOAA-19,"Monterey, CA,Wallops Island, VA",High Resolution Picture Transmission (HRPT) 1KM Level 1B,North America,pending
8378576701,2024-02-02,NOAA-18,"Monterey, CA,Wallops Island, VA",High Resolution Picture Transmission (HRPT) 1KM Level 1B,North America,pending
8378827468,2024-02-03,NOAA-19,"Monterey, CA,Wallops Island, VA",High Resolution Picture Transmission (HRPT) 1KM Level 1B,North America,pending
8378827527,2024-02-03,NOAA-18,"Monterey, CA,Wallops Island, VA",High Resolution Picture Transmission (HRPT) 1KM Level 1B,North America,pending
8379064076,2024-02-04,NOAA-19,"Monterey, CA,Wallops Island, VA",High Resolution Picture Transmission (HRPT) 1KM Level 1B,North America,pending
8379064493,2024-02-04,NOAA-18,"Monterey, CA,Wallops Island, VA",High Resolution Picture Transmission (HRPT) 1KM Level 1B,North America,pending
8379277774,2024-02-05,NOAA-19,"Monterey, CA,Wallops Island, VA",High Resolution Picture Transmission (HRPT) 1KM Level 1B,North America,pending
8379277961,2024-02-05,NOAA-18,"Monterey, CA,Wallops Island, VA",High Resolution Picture Transmission (HRPT) 1KM Level 1B,North America,pending
8379519674,2024-02-06,NOAA-19,"Monterey, CA,Wallops Island, VA",High Resolution Picture Transmission (HRPT) 1KM Level 1B,North America,pending
8379519784,2024-02-06,NOAA-18,"Monterey, CA,Wallops Island, VA",High Resolution Picture Transmission (HRPT) 1KM Level 1B,North America,pending
8379762626,2024-02-07,NOAA-19,"Monterey, CA,Wallops Island, VA",High Resolution Picture Transmission (HRPT) 1KM Level 1B,North America,pending
8379763031,2024-02-07,NOAA-18,"Monterey, CA,Wallops Island, VA",High Resolution Picture Transmission (HRPT) 1KM Level 1B,North America,pending
